{
  "ckpt": "/content/drive/MyDrive/dismantle_final_push/sweep/q7b/b2_ff4.0_rt1-2-3-4-5-6_e14/latest.npz",
  "corpus": "/content/headbank_inputs/q7b/corpus_shards",
  "depth": 6,
  "depth1_accept_rate": 0.8946058091286307,
  "frozen": "/content/headbank_inputs/q7b/frozen_gguf.npz",
  "full_accept_rate": 0.0,
  "per_pos_accept_rate": [
    0.8946058091286307,
    0.22130013831258644,
    0.0351313969571231,
    0.0022130013831258644,
    0.0008298755186721991,
    0.0
  ],
  "projection": {
    "base_tps": 26.6,
    "formula": "base_tps * (1 + tau) * w4a8_multiplier * spec_efficiency",
    "projected_dec_tps": 60.879692254495154,
    "spec_efficiency": 0.85,
    "w4a8_multiplier": 1.25
  },
  "schema": "eagle5-tau-pytorch-v1",
  "tau": 1.1540802213001382,
  "windows": 3615
}