{
  "ckpt": "/content/drive/MyDrive/dismantle_final_push/sweep/q3b/b1_ff4.0_rt1-2-3-4-5-6_e14/latest.npz",
  "corpus": "/content/headbank_inputs/q3b/corpus_shards",
  "depth": 6,
  "depth1_accept_rate": 0.8847201210287443,
  "frozen": "/content/headbank_inputs/q3b/frozen_gguf.npz",
  "full_accept_rate": 0.005748865355521936,
  "per_pos_accept_rate": [
    0.8847201210287443,
    0.3767019667170953,
    0.12012102874432677,
    0.038124054462934945,
    0.010287443267776097,
    0.005748865355521936
  ],
  "projection": {
    "base_tps": 26.6,
    "formula": "base_tps * (1 + tau) * w4a8_multiplier * spec_efficiency",
    "projected_dec_tps": 68.83906959152799,
    "spec_efficiency": 0.85,
    "w4a8_multiplier": 1.25
  },
  "schema": "eagle5-tau-pytorch-v1",
  "tau": 1.4357034795763994,
  "windows": 3305
}