{
  "ckpt": "/content/drive/MyDrive/dismantle/headbank_500u_v2/q3b/checkpoints/q3b_b1_fast_b1_h16_ff40_lr0002_seed0/head_final.safetensors",
  "corpus": "/content/drive/MyDrive/dismantle/headbank_500u_v2/q3b/corpus",
  "depth": 8,
  "depth1_accept_rate": 0.7773333333333333,
  "frozen": "/content/drive/MyDrive/dismantle/headbank_500u_v2/q3b/frozen.npz",
  "full_accept_rate": 0.4663333333333333,
  "per_pos_accept_rate": [
    0.7773333333333333,
    0.6445,
    0.5558333333333333,
    0.536,
    0.5138333333333334,
    0.4955,
    0.482,
    0.4663333333333333
  ],
  "projection": {
    "base_tps": 65.0,
    "formula": "base_tps * (1 + tau) * w4a8_multiplier * spec_efficiency",
    "projected_dec_tps": 284.50933333333336,
    "spec_efficiency": 0.8,
    "w4a8_multiplier": 1.0
  },
  "schema": "eagle5-tau-pytorch-v1",
  "tau": 4.471333333333333,
  "windows": 6000
}