{
  "ckpt": "/content/drive/MyDrive/dismantle_final_push/sweep/q05b/b1_ff4.0_rt1-2-3-4_e12/latest.npz",
  "corpus": "/content/headbank_inputs/q05b/corpus_shards",
  "depth": 4,
  "depth1_accept_rate": 0.8682608695652174,
  "frozen": "/content/headbank_inputs/q05b/frozen_gguf.npz",
  "full_accept_rate": 0.17782608695652175,
  "per_pos_accept_rate": [
    0.8682608695652174,
    0.5565217391304348,
    0.3208695652173913,
    0.17782608695652175
  ],
  "projection": {
    "base_tps": 26.6,
    "formula": "base_tps * (1 + tau) * w4a8_multiplier * spec_efficiency",
    "projected_dec_tps": 82.62480434782609,
    "spec_efficiency": 0.85,
    "w4a8_multiplier": 1.25
  },
  "schema": "eagle5-tau-pytorch-v1",
  "tau": 1.9234782608695653,
  "windows": 2300
}