{
  "ckpt": "/content/drive/MyDrive/dismantle_final_push/sweep/q1p5b/b1_ff4.0_rt1-2-3-4_e12/latest.npz",
  "corpus": "/content/headbank_inputs/q1p5b/corpus_shards",
  "depth": 4,
  "depth1_accept_rate": 0.9124087591240876,
  "frozen": "/content/headbank_inputs/q1p5b/frozen_gguf.npz",
  "full_accept_rate": 0.21350364963503649,
  "per_pos_accept_rate": [
    0.9124087591240876,
    0.6288321167883212,
    0.37627737226277375,
    0.21350364963503649
  ],
  "projection": {
    "base_tps": 26.6,
    "formula": "base_tps * (1 + tau) * w4a8_multiplier * spec_efficiency",
    "projected_dec_tps": 88.49050638686131,
    "spec_efficiency": 0.85,
    "w4a8_multiplier": 1.25
  },
  "schema": "eagle5-tau-pytorch-v1",
  "tau": 2.131021897810219,
  "windows": 2740
}