{
  "baseline": {
    "hidden": {
      "cosine_mean": 0.9994906783103943,
      "cosine_min": 0.9677954912185669,
      "cosine_p10": 0.9988967776298523,
      "norm_ratio": 0.9950706958770752,
      "normalized_rmse": 0.05373113229870796,
      "relative_l2": 0.053724970668554306
    },
    "route_mismatch_tokens": 338,
    "route_set_change": 0.1282245827010622
  },
  "capture": {
    "bytes": 604820310,
    "path": "/Users/scammermike/Library/Application Support/Hawking/KimiK26/long_run/LR08/LR08_INTERVENTION_CAPTURE.npz",
    "sha256": "c67767b807d535f150da63527dd156e603db1302d62011eed903ca7d09fa69b6"
  },
  "causal_interpretation": "The stratified swap matrix tests route selection and weighted MoE output separately from upstream state restoration on a new long-context distribution.",
  "config": {
    "prompt_construction": "REVERSED_LR07_BASES_WITH_NEW_SUFFIXES",
    "prompt_count": 32,
    "seed": 26072108,
    "selected_tokens": 256,
    "strata_cap": 64
  },
  "counterfactual_recombination_calibration": {
    "lr01_numerical_floor_relative_l2": 0.001254,
    "manual_custom_vs_resident_natural": {
      "cosine_mean": 1.0,
      "cosine_min": 0.9999997019767761,
      "cosine_p10": 0.9999999403953552,
      "norm_ratio": 1.0000001192092896,
      "normalized_rmse": 2.135373324563261e-05,
      "relative_l2": 2.1353951524361037e-05
    }
  },
  "decision": "REPLICATE_MIXED_STATE_FIRST_ROUTE_SECONDARY_CAUSALITY",
  "duration_seconds": 28.135544061660767,
  "ended_at": "2026-07-21T17:43:54Z",
  "evidence_parent": {
    "guard_audit_seal_sha256": "3272660c966e4c116cecfbb81a7d32af30cb10e0012ea20130e86d6a9a1fc7bb",
    "pooled_law_seal_sha256": "663c70385107c20c2da80bd0ae510b950b3fb174b63915a33fe42b0b029fefc0"
  },
  "experiment_id": "LR08_LARGE_INTERVENTION_REPLICATION",
  "faults": [],
  "hypothesis": "Large stratified interventions reproduce mixed state-first, route-secondary causality.",
  "input_capture": {
    "attention": {
      "heads": 64,
      "kv_rank": 512,
      "q_rank": 1536,
      "query_dim": 192,
      "segment_lengths": [
        76,
        83,
        82,
        88,
        84,
        90,
        87,
        93,
        81,
        88,
        81,
        88,
        82,
        89,
        71,
        77,
        74,
        80,
        79,
        85,
        75,
        81,
        80,
        86,
        76,
        82,
        79,
        85,
        76,
        82,
        85,
        91
      ],
      "sequence": 2636,
      "softmax_scale": 0.14467962580268923,
      "value_dim": 128
    },
    "layer_zero": {
      "attention": {
        "heads": 64,
        "kv_rank": 512,
        "q_rank": 1536,
        "query_dim": 192,
        "segment_lengths": [
          76,
          83,
          82,
          88,
          84,
          90,
          87,
          93,
          81,
          88,
          81,
          88,
          82,
          89,
          71,
          77,
          74,
          80,
          79,
          85,
          75,
          81,
          80,
          86,
          76,
          82,
          79,
          85,
          76,
          82,
          85,
          91
        ],
        "sequence": 2636,
        "softmax_scale": 0.14467962580268923,
        "value_dim": 128
      },
      "finite": true,
      "hidden_sha256": "f9dd639a006da2d03228ee8d21fc4deaa7f2d152463a26f2dbd191a27b18d6aa",
      "moe": {
        "kind": "dense",
        "used_expert_count": 0
      },
      "segment_hidden_sha256": [
        "341b81cacf0b7f225065cf23d7febf2194bd8b82cbabb35edfd1eeecead69023",
        "929878d3067f004157aa77ef390ea7a62c9199b41586d27acc90c154908576a3",
        "8a012a59ed59d98be2b4b2308f1a4abd1e01f721073a10cfab50d21c6c36a8db",
        "85bb22450c446a4cb83d9ea425190f1db3fe9fc2233fde732c595a37060874d2",
        "02b79b62a18ab5a1e7e604af4ec8d291e0117a889e8e982bdfc9a36f0396afb2",
        "3d417e346cef387ceaa94ffc18cb6ea96b6b6bacfc59cfe02bcb015a48cd7156",
        "c58f1c9bc01144b92b301255c4afed2def5aada93ada7e2b5529d3da2283b376",
        "7269167195dd49aa3b720853023667387f2540cc62d9e2cded05a6ea565b8c6f",
        "8b6c45a997ce5f71271e2e60f3a32ccf3cfef68f16d6310d1dd021285fbedd95",
        "dc9cd13f47ea247f5d9859761904e73be12d8de5d906565668dd2ceb97405320",
        "de1f1bfd94bd9cde6a2f217bd662002e790fa59480219b2eb552ee9e859cf4c5",
        "c9048e4d5c86a48eed360a2d525bed7b8433baedd78b32256f624ead15ac8f53",
        "593ad33bb8b465dc60bceb02dc8748721f178d82e06ca7d6d7ea94bbaf897c5a",
        "3058abe50bd77f0d39dad5ddcf445400bf5712917be0b32f61ed5eeb4bf69024",
        "05ea2a9d409885a5db7ecdb8f9a91d78cddb619dadfc78dd4ddf3caaad0e486c",
        "2a52bef4cd0dc85eb2192a950a6517f63b2d89f5296085e69d683030fffc44e6",
        "2c462b335f1ab9fcb94a833505d80d9467bf6ea20c2bf5e04f423898ce0d7666",
        "56faf3bc83408b47e6a14bedb335202d13b47802b633c094a9f9efe7a7f40d47",
        "77d6d46789e6d73bacf319b13673b21fa7cc97312899b8a6ba74a6516adfd105",
        "c7ea874aa54a3606d9af986ed4d0d6d30752b9eb96879556f7f60ffead99f17f",
        "4018a658653550320c6bd2b9827f0468d8929489f15c2b7d8427ddc7166bdc18",
        "a5234b9abd3efc0c77d8e94d0706fb2e6aa99bf8c8ec0a69e960f9e569076603",
        "5f4d4e1fc6577fa2600cc14fb9b85f899526ff983fd1821aeba5f3e68aa01743",
        "b866096679ea5524161f0502a4a3b3a0e3b19ff196f85522d865353bdb14fb74",
        "7a20e6c4f8a27ddf5147979aaf5b6c14f707012e78f4eb86a46cc0fab96945e4",
        "fbb66cb9dbce4a6fe6ded97576a3c6d85c3e1f3a4f5b1baf77032adfb92266bd",
        "e57f643a831fc68795b846ad85f456a58fbca9944ba242ded0cdd8c48cf04fbb",
        "c0fe9ddd1ce158ca6c1e9b48231e4cc73c494e93af385696083cf436f8d8d0d4",
        "d950955ed22a1fabc78a5ed07594ad3d691dc5f6568f17e2702a64cd29cff855",
        "ac684c7d801ffdb06b6a42c33be87ce2d89f92f16989a9840eac29a3f0dd22ff",
        "f65d2bce0753882649b1f6382bd08ab59636748e3125ce6c2ebc286a3fc15b46",
        "b3590b03e1a4276ebe6267a83be3938a1c02cf18c044fcaf42b61910bd3c326b"
      ],
      "tensor_audit": {
        "accessed_tensors": 12,
        "conditionally_inactive_routed_expert_tensors": 0,
        "source_tensors": 12,
        "unaccounted_tensors": []
      }
    }
  },
  "intervention_matrix": {
    "FORCE_TEACHER_INDICES": {
      "baseline_relative_l2": 0.10474769026041031,
      "hidden": {
        "cosine_mean": 0.9988512396812439,
        "cosine_min": 0.9758169054985046,
        "cosine_p10": 0.9984006285667419,
        "norm_ratio": 0.985430896282196,
        "normalized_rmse": 0.08941874653100967,
        "relative_l2": 0.08941791206598282
      },
      "rescue_fraction_relative_l2": 0.1463495582223967,
      "tokens": 256
    },
    "FORCE_TEACHER_INDICES_AND_WEIGHTS": {
      "baseline_relative_l2": 0.10474769026041031,
      "hidden": {
        "cosine_mean": 0.9988913536071777,
        "cosine_min": 0.97669517993927,
        "cosine_p10": 0.9985108375549316,
        "norm_ratio": 0.9857192635536194,
        "normalized_rmse": 0.08772584050893784,
        "relative_l2": 0.08772503584623337
      },
      "rescue_fraction_relative_l2": 0.16251102407945606,
      "tokens": 256
    },
    "NATURAL_STUDENT": {
      "baseline_relative_l2": 0.10474769026041031,
      "hidden": {
        "cosine_mean": 0.9978452920913696,
        "cosine_min": 0.9677954912185669,
        "cosine_p10": 0.9953656196594238,
        "norm_ratio": 0.9841999411582947,
        "normalized_rmse": 0.1047486960887909,
        "relative_l2": 0.10474769026041031
      },
      "rescue_fraction_relative_l2": 0.0,
      "tokens": 256
    },
    "RESTORE_TEACHER_HIDDEN": {
      "baseline_relative_l2": 0.10474769026041031,
      "hidden": {
        "cosine_mean": 1.0,
        "cosine_min": 0.9999998807907104,
        "cosine_p10": 0.9999998807907104,
        "norm_ratio": 1.0,
        "normalized_rmse": 0.0,
        "relative_l2": 0.0
      },
      "rescue_fraction_relative_l2": 1.0,
      "tokens": 256
    },