{
  "adversarial_low_margin": {
    "baseline": {
      "hidden": {
        "cosine_mean": 0.9991936683654785,
        "cosine_min": 0.9924648404121399,
        "cosine_p10": 0.9975095987319946,
        "norm_ratio": 0.9993237853050232,
        "normalized_rmse": 0.03888556361198425,
        "relative_l2": 0.03888559713959694
      },
      "route_matches": 43,
      "route_set_agreement": 0.589041095890411,
      "row_relative_l2_mean": 0.030417602509260178
    },
    "candidate": {
      "hidden": {
        "cosine_mean": 0.9991902112960815,
        "cosine_min": 0.9924731850624084,
        "cosine_p10": 0.9975103139877319,
        "norm_ratio": 0.9993476271629333,
        "normalized_rmse": 0.03887244313955307,
        "relative_l2": 0.03887246176600456
      },
      "route_matches_before_post_moe_repair": 43,
      "route_set_agreement_before_post_moe_repair": 0.589041095890411,
      "row_relative_l2_mean": 0.030916105955839157
    },
    "relative_l2_improvement": {
      "ci95_high": -0.0002321527889700069,
      "ci95_low": -0.000798070634881111,
      "mean": -0.000498500990694108,
      "n": 73
    },
    "selection": "TEACHER_MARGIN_BOTTOM_QUARTILE",
    "threshold": 0.0007573813199996948,
    "tokens": 73
  },
  "all_tokens": {
    "baseline": {
      "hidden": {
        "cosine_mean": 0.9983011484146118,
        "cosine_min": 0.9541198015213013,
        "cosine_p10": 0.9966426491737366,
        "norm_ratio": 0.9888610243797302,
        "normalized_rmse": 0.08674777299165726,
        "relative_l2": 0.08674577623605728
      },
      "route_matches": 214,
      "route_set_agreement": 0.740484429065744,
      "row_relative_l2_mean": 0.03755177557468414
    },
    "candidate": {
      "hidden": {
        "cosine_mean": 0.9984102249145508,
        "cosine_min": 0.9558857679367065,
        "cosine_p10": 0.9969406127929688,
        "norm_ratio": 0.9900299906730652,
        "normalized_rmse": 0.08145589381456375,
        "relative_l2": 0.08145477622747421
      },
      "route_matches_before_post_moe_repair": 214,
      "route_set_agreement_before_post_moe_repair": 0.740484429065744,
      "row_relative_l2_mean": 0.0374167300760746
    },
    "relative_l2_improvement": {
      "ci95_high": 0.0007184047677721766,
      "ci95_low": -0.0003421894415236597,
      "mean": 0.0001350463445340267,
      "n": 289
    },
    "tokens": 289
  },
  "candidate": {
    "complete_bpw": 0.9426155090332031,
    "complete_physical_bytes": 5189121,
    "doctor_allocation": {
      "parent_bytes": 5001815,
      "post_moe_hidden_repair_bytes": 187306
    },
    "name": "POST_MOE_HIDDEN_CV_R12_S025",
    "payload": {
      "bytes": 187306,
      "component_count": 5,
      "header_bytes": 842,
      "path": "/Users/scammermike/Library/Application Support/Hawking/KimiK26/long_run/LR04/LR04_POST_MOE_HIDDEN_CV.k26repair",
      "sha256": "f06d892cbd33c1b53fa5a39964203acdc3a5129c7ed18c9ab5be6b4d50311963"
    },
    "shrinkage": 0.25
  },
  "capture": {
    "bytes": 41453405,
    "path": "/Users/scammermike/Library/Application Support/Hawking/KimiK26/long_run/LR05/LR05_VALIDATION_CAPTURE.npz",
    "sha256": "318be926d9265462377de6217b0d862ac3fe0b96d1f2040e8cd717cc622b5950"
  },
  "causal_interpretation": "The only calibration-CV survivor is judged once on an untouched split; route sets at layer 2 are unchanged by construction, so any rescue is attributable to the post-MoE hidden intervention rather than route selection.",
  "config": {
    "candidate_count": 1,
    "prompt_count": 12,
    "refit": false,
    "retuning": false,
    "seed": 26072105,
    "segments": [
      "validation_history",
      "validation_biology",
      "validation_python",
      "validation_sql",
      "validation_algebra",
      "validation_probability",
      "validation_logic",
      "validation_json",
      "validation_tool",
      "validation_symbols",
      "validation_boundary",
      "validation_markup"
    ],
    "selection_parent": "9093a6b74c7e3881dd117f24cf4e4651cd7c89938929f18d03ade42464e5024a"
  },
  "decision": "RETIRE_SHRINKAGE_SURVIVOR_UNTOUCHED_FAILURE",
  "domain_summary": {
    "code": {
      "baseline": {
        "hidden": {
          "cosine_mean": 0.9984459280967712,
          "cosine_min": 0.9736163020133972,
          "cosine_p10": 0.9976557493209839,
          "norm_ratio": 0.9870583415031433,
          "normalized_rmse": 0.08979565650224686,
          "relative_l2": 0.0897955447435379
        },
        "route_matches": 42,
        "route_set_agreement": 0.8076923076923077,
        "row_relative_l2_mean": 0.035014502704143524
      },
      "candidate": {
        "hidden": {
          "cosine_mean": 0.9987236857414246,
          "cosine_min": 0.9750368595123291,
          "cosine_p10": 0.9977067708969116,
          "norm_ratio": 0.9882252216339111,
          "normalized_rmse": 0.07961752265691757,
          "relative_l2": 0.0796174630522728
        },
        "route_matches_before_post_moe_repair": 42,
        "route_set_agreement_before_post_moe_repair": 0.8076923076923077,
        "row_relative_l2_mean": 0.033485252410173416
      },
      "relative_l2_improvement": {
        "ci95_high": 0.00405251257426034,
        "ci95_low": 8.392564128511301e-07,
        "mean": 0.0015292484044598846,
        "n": 52
      },
      "tokens": 52
    },
    "prose": {
      "baseline": {
        "hidden": {
          "cosine_mean": 0.9984013438224792,
          "cosine_min": 0.9735638499259949,
          "cosine_p10": 0.9964480400085449,
          "norm_ratio": 0.9805908203125,
          "normalized_rmse": 0.08874458819627762,
          "relative_l2": 0.08874436467885971
        },
        "route_matches": 47,
        "route_set_agreement": 0.7704918032786885,
        "row_relative_l2_mean": 0.03823145851492882
      },
      "candidate": {
        "hidden": {
          "cosine_mean": 0.998542070388794,
          "cosine_min": 0.9764861464500427,
          "cosine_p10": 0.9969269037246704,
          "norm_ratio": 0.9835755825042725,
          "normalized_rmse": 0.08003346621990204,
          "relative_l2": 0.08003334701061249
        },
        "route_matches_before_post_moe_repair": 47,
        "route_set_agreement_before_post_moe_repair": 0.7704918032786885,
        "row_relative_l2_mean": 0.037215109914541245
      },
      "relative_l2_improvement": {
        "ci95_high": 0.0026018923703871187,
        "ci95_low": -9.628868848848782e-05,
        "mean": 0.0010163510661022584,
        "n": 61
      },
      "tokens": 61
    },
    "reasoning": {
      "baseline": {
        "hidden": {
          "cosine_mean": 0.9972586631774902,
          "cosine_min": 0.9541198015213013,
          "cosine_p10": 0.9951034188270569,
          "norm_ratio": 0.9851722121238708,
          "normalized_rmse": 0.10612860321998596,
          "relative_l2": 0.10612833499908447
        },
        "route_matches": 58,
        "route_set_agreement": 0.6236559139784946,
        "row_relative_l2_mean": 0.05147141218185425
      },
      "candidate": {
        "hidden": {
          "cosine_mean": 0.9973748922348022,
          "cosine_min": 0.9558857679367065,
          "cosine_p10": 0.9953432679176331,
          "norm_ratio": 0.9857783913612366,
          "normalized_rmse": 0.10282312333583832,
          "relative_l2": 0.10282295197248459
        },
        "route_matches_before_post_moe_repair": 58,
        "route_set_agreement_before_post_moe_repair": 0.6236559139784946,
        "row_relative_l2_mean": 0.05098995193839073
      },
      "relative_l2_improvement": {
        "ci95_high": 0.0009778788747636462,
        "ci95_low": 7.512551940156407e-05,
        "mean": 0.0004814608793665645,
        "n": 93
      },
      "tokens": 93
    },
    "tool_format": {
      "baseline": {
        "hidden": {
          "cosine_mean": 0.9993050694465637,
          "cosine_min": 0.9893749952316284,
          "cosine_p10": 0.9980509877204895,
          "norm_ratio": 1.0017447471618652,