{
  "ckpt": "/content/drive/MyDrive/dismantle_final_push/sweep/q1p5b/b1_ff4.0_rt1-2-3-4-5-6_e14/latest.npz",
  "corpus": "/content/headbank_inputs/q1p5b/corpus_shards",
  "depth": 6,
  "depth1_accept_rate": 0.9196588868940754,
  "frozen": "/content/headbank_inputs/q1p5b/frozen_gguf.npz",
  "full_accept_rate": 0.013016157989228007,
  "per_pos_accept_rate": [
    0.9196588868940754,
    0.5341113105924596,
    0.23159784560143626,
    0.09425493716337523,
    0.034560143626570915,
    0.013016157989228007
  ],
  "projection": {
    "base_tps": 26.6,
    "formula": "base_tps * (1 + tau) * w4a8_multiplier * spec_efficiency",
    "projected_dec_tps": 79.9037197037702,
    "spec_efficiency": 0.85,
    "w4a8_multiplier": 1.25
  },
  "schema": "eagle5-tau-pytorch-v1",
  "tau": 1.8271992818671454,
  "windows": 2228
}