{
  "ckpt": "/content/drive/MyDrive/dismantle_final_push/sweep/q3b/b2_ff4.0_rt1-2-3-4-5-6_e14/latest.npz",
  "corpus": "/content/headbank_inputs/q3b/corpus_shards",
  "depth": 6,
  "depth1_accept_rate": 0.8953101361573373,
  "frozen": "/content/headbank_inputs/q3b/frozen_gguf.npz",
  "full_accept_rate": 0.0045385779122541605,
  "per_pos_accept_rate": [
    0.8953101361573373,
    0.42178517397882,
    0.13857791225416036,
    0.04205748865355522,
    0.01059001512859304,
    0.0045385779122541605
  ],
  "projection": {
    "base_tps": 26.6,
    "formula": "base_tps * (1 + tau) * w4a8_multiplier * spec_efficiency",
    "projected_dec_tps": 71.0196860816944,
    "spec_efficiency": 0.85,
    "w4a8_multiplier": 1.25
  },
  "schema": "eagle5-tau-pytorch-v1",
  "tau": 1.51285930408472,
  "windows": 3305
}