{
  "ckpt": "/content/drive/MyDrive/dismantle_headbank_corrected/heads_corrected/q1p5b/latest.npz",
  "corpus": "/content/headbank_inputs/q1p5b/corpus_shards",
  "depth": 4,
  "depth1_accept_rate": 0.8927007299270073,
  "frozen": "/content/headbank_inputs/q1p5b/frozen_gguf.npz",
  "full_accept_rate": 0.12372262773722628,
  "per_pos_accept_rate": [
    0.8927007299270073,
    0.5109489051094891,
    0.2521897810218978,
    0.12372262773722628
  ],
  "projection": {
    "base_tps": 26.6,
    "formula": "base_tps * (1 + tau) * w4a8_multiplier * spec_efficiency",
    "projected_dec_tps": 78.55737226277373,
    "spec_efficiency": 0.85,
    "w4a8_multiplier": 1.25
  },
  "schema": "eagle5-tau-pytorch-v1",
  "tau": 1.7795620437956203,
  "windows": 2740
}