{
  "ckpt": "/content/drive/MyDrive/dismantle_final_push/sweep/q7b/b1_ff4.0_rt1-2-3-4-5-6_e14/latest.npz",
  "corpus": "/content/headbank_inputs/q7b/corpus_shards",
  "depth": 6,
  "depth1_accept_rate": 0.8940525587828493,
  "frozen": "/content/headbank_inputs/q7b/frozen_gguf.npz",
  "full_accept_rate": 0.0,
  "per_pos_accept_rate": [
    0.8940525587828493,
    0.3103734439834025,
    0.06473029045643154,
    0.010235131396957123,
    0.0013831258644536654,
    0.0
  ],
  "projection": {
    "base_tps": 26.6,
    "formula": "base_tps * (1 + tau) * w4a8_multiplier * spec_efficiency",
    "projected_dec_tps": 64.46039073305671,
    "spec_efficiency": 0.85,
    "w4a8_multiplier": 1.25
  },
  "schema": "eagle5-tau-pytorch-v1",
  "tau": 1.280774550484094,
  "windows": 3615
}