{
  "ckpt": "/content/drive/MyDrive/dismantle/headbank_500u_v2/q05b/checkpoints/q05b_b1_fast_b1_h16_ff40_lr0002_seed0/head_final.safetensors",
  "corpus": "/content/drive/MyDrive/dismantle/headbank_500u_v2/q05b/corpus",
  "depth": 8,
  "depth1_accept_rate": 0.953,
  "frozen": "/content/drive/MyDrive/dismantle/headbank_500u_v2/q05b/frozen.npz",
  "full_accept_rate": 0.74875,
  "per_pos_accept_rate": [
    0.953,
    0.9121666666666667,
    0.8755416666666667,
    0.8472916666666667,
    0.8210833333333334,
    0.7962083333333333,
    0.771875,
    0.74875
  ],
  "projection": {
    "base_tps": 140.0,
    "formula": "base_tps * (1 + tau) * w4a8_multiplier * spec_efficiency",
    "projected_dec_tps": 865.3026666666667,
    "spec_efficiency": 0.8,
    "w4a8_multiplier": 1.0
  },
  "schema": "eagle5-tau-pytorch-v1",
  "tau": 6.7259166666666665,
  "windows": 24000
}