{
  "ckpt": "/content/drive/MyDrive/dismantle_final_push/sweep/q05b/b1_ff4.0_rt1-2-3-4-5-6_e14/latest.npz",
  "corpus": "/content/headbank_inputs/q05b/corpus_shards",
  "depth": 6,
  "depth1_accept_rate": 0.8739659367396594,
  "frozen": "/content/headbank_inputs/q05b/frozen_gguf.npz",
  "full_accept_rate": 0.05742092457420925,
  "per_pos_accept_rate": [
    0.8739659367396594,
    0.5693430656934306,
    0.3167883211678832,
    0.17128953771289537,
    0.09343065693430656,
    0.05742092457420925
  ],
  "projection": {
    "base_tps": 26.6,
    "formula": "base_tps * (1 + tau) * w4a8_multiplier * spec_efficiency",
    "projected_dec_tps": 87.11176399026763,
    "spec_efficiency": 0.85,
    "w4a8_multiplier": 1.25
  },
  "schema": "eagle5-tau-pytorch-v1",
  "tau": 2.0822384428223843,
  "windows": 2055
}