{
  "eagle3": {
    "windows": 999,
    "depth": 4,
    "tau": 2.15015015015015,
    "full_accept_rate": 0.3743743743743744,
    "per_pos_accept_rate": [
      0.7377377377377378,
      0.5695695695695696,
      0.46846846846846846,
      0.3743743743743744
    ]
  },
  "eagle4": {
    "windows": 999,
    "depth": 4,
    "tau": 3.5655655655655654,
    "full_accept_rate": 0.8358358358358359,
    "per_pos_accept_rate": [
      0.9529529529529529,
      0.9059059059059059,
      0.8708708708708709,
      0.8358358358358359
    ]
  }
}