{
  "lever": "imatrix_mixed_precision",
  "low_quant": "Q3_K",
  "byte_budget_frac": 0.85,
  "n_tensors": 7,
  "median_byte_cut_pct": 15.033637152777779,
  "median_mean_bits": 3.823486328125,
  "median_uniform_q4k_rmse": 0.044434750868245144,
  "median_mix_rmse_oracle": 0.11070971248632615,
  "median_mix_rmse_weightnorm": 0.11078282271285948,
  "median_mix_rmse_random": 0.11760790757305263,
  "lever_value_oracle_vs_random_pct": 5.8654177504532505,
  "lever_value_weightnorm_vs_random_pct": 5.803253370487626,
  "n_weightnorm_beats_uniform": 0,
  "n_oracle_beats_uniform": 0,
  "median_wnorm_oracle_rank_corr": 0.9738727397573814,
  "n_imat_helps_weighted": 4,
  "verdict": "NEEDS-MEASUREMENT (decisive gate = Colab f16 + real imatrix + logits)",
  "per_tensor": [
    {
      "name": "blk.0.attn_q.weight",
      "shape": [
        2048,
        2048
      ],
      "rows_used": 256,
      "disk": "Q4_K",
      "low": "Q3_K",
      "keep_frac": 0.36328125,
      "kept_rows": 93,
      "mean_bits": 3.823486328125,
      "mix_block_bytes": 122.3515625,
      "q4k_block_bytes": 144.0,
      "byte_cut_pct": 15.033637152777779,
      "uniform_q4k_rmse": 0.044434750868245144,
      "mix_rmse_oracle": 0.10486688974929,
      "mix_rmse_weightnorm": 0.10479740990878803,
      "mix_rmse_random": 0.11621105931944133,
      "oracle_beats_uniform": false,
      "weightnorm_beats_uniform": false,
      "wnorm_oracle_rank_corr": 0.982917286564431,
      "imat_weighted_rmse": 0.04375142726197221,
      "unweighted_weighted_rmse": 0.043763965512528744,
      "imat_helps_weighted": true
    },
    {
      "name": "blk.0.ffn_gate.weight",
      "shape": [
        11008,
        2048
      ],
      "rows_used": 256,
      "disk": "Q4_K",
      "low": "Q3_K",
      "keep_frac": 0.36328125,
      "kept_rows": 93,
      "mean_bits": 3.823486328125,
      "mix_block_bytes": 122.3515625,
      "q4k_block_bytes": 144.0,
      "byte_cut_pct": 15.033637152777779,
      "uniform_q4k_rmse": 0.04432788788071018,
      "mix_rmse_oracle": 0.11070971248632615,
      "mix_rmse_weightnorm": 0.11078282271285948,
      "mix_rmse_random": 0.118094171142344,
      "oracle_beats_uniform": false,
      "weightnorm_beats_uniform": false,
      "wnorm_oracle_rank_corr": 0.9259770542458228,
      "imat_weighted_rmse": 0.043149404785172485,
      "unweighted_weighted_rmse": 0.04297954387805715,
      "imat_helps_weighted": false
    },
    {
      "name": "blk.0.ffn_down.weight",
      "shape": [
        2048,
        11008
      ],
      "rows_used": 256,
      "disk": "Q6_K",
      "low": "Q3_K",
      "keep_frac": 0.36328125,
      "kept_rows": 93,
      "mean_bits": 3.823486328125,
      "mix_block_bytes": 122.3515625,
      "q4k_block_bytes": 144.0,
      "byte_cut_pct": 15.033637152777779,
      "uniform_q4k_rmse": 0.0789474194683985,
      "mix_rmse_oracle": 0.12823156086598245,
      "mix_rmse_weightnorm": 0.1282913588172657,
      "mix_rmse_random": 0.13278316563067305,
      "oracle_beats_uniform": false,
      "weightnorm_beats_uniform": false,
      "wnorm_oracle_rank_corr": 0.9861052300297548,
      "imat_weighted_rmse": 0.07850840635005302,
      "unweighted_weighted_rmse": 0.07851659613898357,
      "imat_helps_weighted": true
    },
    {
      "name": "blk.17.attn_output.weight",
      "shape": [
        2048,
        2048
      ],
      "rows_used": 256,
      "disk": "Q4_K",
      "low": "Q3_K",
      "keep_frac": 0.36328125,
      "kept_rows": 93,
      "mean_bits": 3.823486328125,
      "mix_block_bytes": 122.3515625,
      "q4k_block_bytes": 144.0,
      "byte_cut_pct": 15.033637152777779,
      "uniform_q4k_rmse": 0.04577476033902718,
      "mix_rmse_oracle": 0.10796186379633824,
      "mix_rmse_weightnorm": 0.10806307223458737,
      "mix_rmse_random": 0.11760790757305263,
      "oracle_beats_uniform": false,
      "weightnorm_beats_uniform": false,
      "wnorm_oracle_rank_corr": 0.9758161192492559,
      "imat_weighted_rmse": 0.044521411932200536,
      "unweighted_weighted_rmse": 0.04439896069763924,
      "imat_helps_weighted": false
    },
    {
      "name": "blk.17.ffn_up.weight",
      "shape": [
        11008,
        2048
      ],
      "rows_used": 256,
      "disk": "Q4_K",
      "low": "Q3_K",
      "keep_frac": 0.36328125,
      "kept_rows": 93,
      "mean_bits": 3.823486328125,
      "mix_block_bytes": 122.3515625,
      "q4k_block_bytes": 144.0,
      "byte_cut_pct": 15.033637152777779,
      "uniform_q4k_rmse": 0.04314218179845249,
      "mix_rmse_oracle": 0.11147836438859149,
      "mix_rmse_weightnorm": 0.11160897950525221,
      "mix_rmse_random": 0.11672299341243857,
      "oracle_beats_uniform": false,
      "weightnorm_beats_uniform": false,
      "wnorm_oracle_rank_corr": 0.9080732146944381,
      "imat_weighted_rmse": 0.0426527486341179,
      "unweighted_weighted_rmse": 0.04263408915973611,
      "imat_helps_weighted": false
    },
    {
      "name": "blk.35.attn_q.weight",
      "shape": [
        2048,
        2048
      ],
      "rows_used": 256,
      "disk": "Q4_K",
      "low": "Q3_K",
      "keep_frac": 0.36328125,
      "kept_rows": 93,
      "mean_bits": 3.823486328125,
      "mix_block_bytes": 122.3515625,
      "q4k_block_bytes": 144.0,
      "byte_cut_pct": 15.033637152777779,
      "uniform_q4k_rmse": 0.04410506226925227,
      "mix_rmse_oracle": 0.10728680490648347,
      "mix_rmse_weightnorm": 0.10748570499851506,
      "mix_rmse_random": 0.11743354399768328,
      "oracle_beats_uniform": false,
      "weightnorm_beats_uniform": false,
      "wnorm_oracle_rank_corr": 0.9738727397573814,
      "imat_weighted_rmse": 0.04349190296660766,
      "unweighted_weighted_rmse": 0.04354543005434564,
      "imat_helps_weighted": true
    },
    {
      "name": "blk.35.ffn_down.weight",
      "shape": [
        2048,
        11008
      ],
      "rows_used": 256,
      "disk": "Q6_K",
      "low": "Q3_K",
      "keep_frac": 0.36328125,
      "kept_rows": 93,
      "mean_bits": 3.823486328125,
      "mix_block_bytes": 122.3515625,
      "q4k_block_bytes": 144.0,
      "byte_cut_pct": 15.033637152777779,
      "uniform_q4k_rmse": 0.08082322656326266,
      "mix_rmse_oracle": 0.1328127104314697,
      "mix_rmse_weightnorm": 0.1329257829275444,
      "mix_rmse_random": 0.1358168260179793,
      "oracle_beats_uniform": false,
      "weightnorm_beats_uniform": false,
      "wnorm_oracle_rank_corr": 0.8841017681391622,
      "imat_weighted_rmse": 0.07607725319824492,
      "unweighted_weighted_rmse": 0.0763635180033413,
      "imat_helps_weighted": true
    }
  ]
}