{
  "target_store_bits": 3,
  "n_tensors": 7,
  "n_qtip_lower_beats_q4k": 0,
  "n_qtip_upper_beats_q4k": 0,
  "median_kurtosis_drop": 0.3425574946450576,
  "median_maxmean_drop": 13.905018171694868,
  "median_q4k_rmse": 0.08077686651973233,
  "median_qtip_rmse_lower": 0.18539905436844792,
  "median_qtip_rmse_upper": 0.09728806569509195,
  "qtip_block_bytes": 98.0,
  "q4k_block_bytes": 144.0,
  "verdict": "DIRECTION-ONLY (decisive gate = Colab f16 + logits)",
  "per_tensor": [
    {
      "name": "blk.0.attn_q.weight",
      "shape": [
        2048,
        2048
      ],
      "disk": "Q4_K",
      "raw_exkurt": 2.515196249625456,
      "raw_maxmean": 26.069725985636556,
      "rht_exkurt": 1.123621323106339,
      "rht_maxmean": 14.751934977828991,
      "kurt_drop": 1.3915749265191169,
      "mm_drop": 11.317791007807564,
      "q4k_rmse": 0.08519724363151573,
      "q4k_bits": 4.5,
      "q4k_bytes": 144.0,
      "qtip_rmse_lower": 0.1829944130297374,
      "qtip_rmse_upper": 0.09572097897426506,
      "qtip_bits": 3.0625,
      "qtip_bytes": 98.0,
      "qtip_lower_beats_q4k": false,
      "qtip_upper_beats_q4k": false
    },
    {
      "name": "blk.0.ffn_gate.weight",
      "shape": [
        11008,
        2048
      ],
      "disk": "Q4_K",
      "raw_exkurt": 0.5735619966400156,
      "raw_maxmean": 27.76259602454399,
      "rht_exkurt": 0.23100450199495803,
      "rht_maxmean": 13.85757785284912,
      "kurt_drop": 0.3425574946450576,
      "mm_drop": 13.905018171694868,
      "q4k_rmse": 0.0803743637921451,
      "q4k_bits": 4.5,
      "q4k_bytes": 144.0,
      "qtip_rmse_lower": 0.18549888295317393,
      "qtip_rmse_upper": 0.09799240690152873,
      "qtip_bits": 3.0625,
      "qtip_bytes": 98.0,
      "qtip_lower_beats_q4k": false,
      "qtip_upper_beats_q4k": false
    },
    {
      "name": "blk.0.ffn_down.weight",
      "shape": [
        2048,
        11008
      ],
      "disk": "Q6_K",
      "raw_exkurt": 0.3668988172177836,
      "raw_maxmean": 22.129506138439087,
      "rht_exkurt": 0.09364616414537874,
      "rht_maxmean": 7.9899439398815675,
      "kurt_drop": 0.27325265307240487,
      "mm_drop": 14.13956219855752,
      "q4k_rmse": 0.0797277979973203,
      "q4k_bits": 4.5,
      "q4k_bytes": 144.0,
      "qtip_rmse_lower": 0.1865011148002201,
      "qtip_rmse_upper": 0.09828146244124682,
      "qtip_bits": 3.0625,
      "qtip_bytes": 98.0,
      "qtip_lower_beats_q4k": false,
      "qtip_upper_beats_q4k": false
    },
    {
      "name": "blk.17.attn_output.weight",
      "shape": [
        2048,
        2048
      ],
      "disk": "Q4_K",
      "raw_exkurt": 2.0812195114625247,
      "raw_maxmean": 50.9972814093734,
      "rht_exkurt": 0.9808688606138682,
      "rht_maxmean": 29.67660002671657,
      "kurt_drop": 1.1003506508486565,
      "mm_drop": 21.32068138265683,
      "q4k_rmse": 0.08385074767986542,
      "q4k_bits": 4.5,
      "q4k_bytes": 144.0,
      "qtip_rmse_lower": 0.18444035628542077,
      "qtip_rmse_upper": 0.09648877201713972,
      "qtip_bits": 3.0625,
      "qtip_bytes": 98.0,
      "qtip_lower_beats_q4k": false,
      "qtip_upper_beats_q4k": false
    },
    {
      "name": "blk.17.ffn_up.weight",
      "shape": [
        11008,
        2048
      ],
      "disk": "Q4_K",
      "raw_exkurt": 0.5132795763109428,
      "raw_maxmean": 28.450783765948486,
      "rht_exkurt": 0.19408241701863016,
      "rht_maxmean": 21.793770623318494,
      "kurt_drop": 0.3191971592923126,
      "mm_drop": 6.657013142629992,
      "q4k_rmse": 0.08154670221668957,
      "q4k_bits": 4.5,
      "q4k_bytes": 144.0,
      "qtip_rmse_lower": 0.18539905436844792,
      "qtip_rmse_upper": 0.09728806569509195,
      "qtip_bits": 3.0625,
      "qtip_bytes": 98.0,
      "qtip_lower_beats_q4k": false,
      "qtip_upper_beats_q4k": false
    },
    {
      "name": "blk.35.attn_q.weight",
      "shape": [
        2048,
        2048
      ],
      "disk": "Q4_K",
      "raw_exkurt": 0.4700190817169547,
      "raw_maxmean": 11.348943758994327,
      "rht_exkurt": 0.27446689071023966,
      "rht_maxmean": 8.123159859392812,
      "kurt_drop": 0.19555219100671506,
      "mm_drop": 3.225783899601515,
      "q4k_rmse": 0.08077686651973233,
      "q4k_bits": 4.5,
      "q4k_bytes": 144.0,
      "qtip_rmse_lower": 0.18781773762492476,
      "qtip_rmse_upper": 0.09910586088922752,
      "qtip_bits": 3.0625,
      "qtip_bytes": 98.0,
      "qtip_lower_beats_q4k": false,
      "qtip_upper_beats_q4k": false
    },
    {
      "name": "blk.35.ffn_down.weight",
      "shape": [
        2048,
        11008
      ],
      "disk": "Q6_K",
      "raw_exkurt": 2.4305569415118162,
      "raw_maxmean": 74.64867007158972,
      "rht_exkurt": 0.09120008488289955,
      "rht_maxmean": 10.981233258220902,
      "kurt_drop": 2.3393568566289167,
      "mm_drop": 63.667436813368816,
      "q4k_rmse": 0.08027885924779862,
      "q4k_bits": 4.5,
      "q4k_bytes": 144.0,
      "qtip_rmse_lower": 0.18250638153131835,
      "qtip_rmse_upper": 0.09548738855970641,
      "qtip_bits": 3.0625,
      "qtip_bytes": 98.0,
      "qtip_lower_beats_q4k": false,
      "qtip_upper_beats_q4k": false
    }
  ]
}