{
  "ckpt": "/content/drive/MyDrive/dismantle_final_push/sweep/q1p5b/b2_ff4.0_rt1-2-3-4_e12/latest.npz",
  "corpus": "/content/headbank_inputs/q1p5b/corpus_shards",
  "depth": 4,
  "depth1_accept_rate": 0.9127737226277373,
  "frozen": "/content/headbank_inputs/q1p5b/frozen_gguf.npz",
  "full_accept_rate": 0.08722627737226277,
  "per_pos_accept_rate": [
    0.9127737226277373,
    0.4923357664233577,
    0.2021897810218978,
    0.08722627737226277
  ],
  "projection": {
    "base_tps": 26.6,
    "formula": "base_tps * (1 + tau) * w4a8_multiplier * spec_efficiency",
    "projected_dec_tps": 76.15402828467153,
    "spec_efficiency": 0.85,
    "w4a8_multiplier": 1.25
  },
  "schema": "eagle5-tau-pytorch-v1",
  "tau": 1.6945255474452554,
  "windows": 2740
}