{
  "ckpt": "/content/drive/MyDrive/dismantle_final_push/sweep/q05b/b2_ff4.0_rt1-2-3-4_e12/latest.npz",
  "corpus": "/content/headbank_inputs/q05b/corpus_shards",
  "depth": 4,
  "depth1_accept_rate": 0.8586956521739131,
  "frozen": "/content/headbank_inputs/q05b/frozen_gguf.npz",
  "full_accept_rate": 0.16478260869565217,
  "per_pos_accept_rate": [
    0.8586956521739131,
    0.5460869565217391,
    0.31,
    0.16478260869565217
  ],
  "projection": {
    "base_tps": 26.6,
    "formula": "base_tps * (1 + tau) * w4a8_multiplier * spec_efficiency",
    "projected_dec_tps": 81.38371195652174,
    "spec_efficiency": 0.85,
    "w4a8_multiplier": 1.25
  },
  "schema": "eagle5-tau-pytorch-v1",
  "tau": 1.8795652173913044,
  "windows": 2300
}