{
  "ckpt": "/content/drive/MyDrive/dismantle_final_push/sweep/q05b/b2_ff4.0_rt1-2-3-4-5-6_e14/latest.npz",
  "corpus": "/content/headbank_inputs/q05b/corpus_shards",
  "depth": 6,
  "depth1_accept_rate": 0.8812652068126521,
  "frozen": "/content/headbank_inputs/q05b/frozen_gguf.npz",
  "full_accept_rate": 0.059854014598540145,
  "per_pos_accept_rate": [
    0.8812652068126521,
    0.5776155717761557,
    0.3381995133819951,
    0.1854014598540146,
    0.09927007299270073,
    0.059854014598540145
  ],
  "projection": {
    "base_tps": 26.6,
    "formula": "base_tps * (1 + tau) * w4a8_multiplier * spec_efficiency",
    "projected_dec_tps": 88.78963503649635,
    "spec_efficiency": 0.85,
    "w4a8_multiplier": 1.25
  },
  "schema": "eagle5-tau-pytorch-v1",
  "tau": 2.141605839416058,
  "windows": 2055
}