{
  "ckpt": "/content/drive/MyDrive/dismantle_final_push/sweep/q1p5b/b2_ff4.0_rt1-2-3-4-5-6_e14/latest.npz",
  "corpus": "/content/headbank_inputs/q1p5b/corpus_shards",
  "depth": 6,
  "depth1_accept_rate": 0.9142728904847397,
  "frozen": "/content/headbank_inputs/q1p5b/frozen_gguf.npz",
  "full_accept_rate": 0.020197486535008975,
  "per_pos_accept_rate": [
    0.9142728904847397,
    0.5233393177737882,
    0.22217235188509873,
    0.09515260323159784,
    0.040843806104129264,
    0.020197486535008975
  ],
  "projection": {
    "base_tps": 26.6,
    "formula": "base_tps * (1 + tau) * w4a8_multiplier * spec_efficiency",
    "projected_dec_tps": 79.58659111310592,
    "spec_efficiency": 0.85,
    "w4a8_multiplier": 1.25
  },
  "schema": "eagle5-tau-pytorch-v1",
  "tau": 1.8159784560143626,
  "windows": 2228
}